command,mean,stddev,user,system,min,max
make -e TEST=mtu-too-big compile-test,26.051790456029998,1.8575793167201944,0.6495986199999999,10.850698990000001,22.16546070273,28.34621592873
