command,mean,stddev,user,system,min,max
make -e TEST=mtu-too-big compile-test,21.65239881673,2.201493483266937,0.5367142199999999,9.201270044999998,18.52779865493,25.191256317929998
