command,mean,stddev,user,system,min,max
make -e TEST=srv6-inject compile-test,26.038720191139998,3.2859449467893844,0.6306097949999999,10.715453545,22.32982459634,33.23011436334
