command,mean,stddev,user,system,min,max
make -e TEST=srv6-inject compile-test,25.098964057865,2.3984556599413454,0.5492727749999999,11.696618349999998,20.237698933365,28.219901239365
